<?xml version="1.0" encoding="UTF-8"?>
<!DOCTYPE beans PUBLIC "-//SPRING//DTD BEAN//EN" "http://www.springframework.org/dtd/spring-beans.dtd">
<!--
    Illustrates how to run a jmx MBeanServer. Any other bean in the config that is an "MBean" 
    will automatically be registered. The adaptor will be registered and this example includes 
    a utility bean that exposes useful methods for viewing JVM properties.
    
    This example specifies the MBeanServer bean that comes with openadaptor (uses the sun 
    reference implementation and automatically runs a http adaptor which you can browse 
    at http://localhost:8082).
    
    The actual adaptor, simply reads stdin and writes to stdout.
-->

<beans>
  
  <!-- embed this in your config to expose jmx interface via http & rmi -->
	<bean class="org.oa3.core.jmx.MBeanServer">
    <constructor-arg value="8082"/>
  </bean>
  
  <!-- embed this in your config to expose useful management bean -->
  <bean id="SystemUtil" class="org.oa3.util.SystemUtil"/>
  
  <!-- embed this in your config to expose log4j management -->
  <bean id="LogAdmin" class="org.oa3.thirdparty.log4j.LogAdmin"/>
  
  <bean id="Adaptor" class="org.oa3.core.adaptor.Adaptor">
    <property name="pipeline">
      <list>
        <ref bean="InPoint"/>
        <ref bean="OutPoint"/>
      </list>
    </property>
  </bean>

  <bean id="InPoint" class="org.oa3.auxil.connector.iostream.reader.StreamReadConnector">
    <property name="streamReader">
      <bean class="org.oa3.auxil.connector.iostream.reader.FileReader"/>
    </property>
    <property name="recordReader">
      <bean class="org.oa3.auxil.connector.iostream.reader.StringRecordReader"/>
    </property>
  </bean>
  
  <bean id="OutPoint" class="org.oa3.auxil.connector.iostream.writer.StreamWriteConnector">
    <property name="streamWriter">
      <bean class="org.oa3.auxil.connector.iostream.writer.FileWriter"/>
    </property>
  </bean>
  
</beans>