<?xml version="1.0" encoding="UTF-8"?>
<!DOCTYPE beans PUBLIC "-//SPRING//DTD BEAN//EN" "http://www.springframework.org/dtd/spring-beans.dtd">

<!--
    This adaptor does the following...
    
      * polls data from a db using a query at a configured interval
      * writes data to stdout
    
    It is designed to illustrate the basic structure of an adaptor that polls a database

    Run it like this...
    
      java org.oa3.spring.SpringApplication -config reader.xml -bean Adaptor
    
    You need the following in your classpath
  
      lib
      lib/openadaptor.jar
      lib/openadaptor-spring.jar
      lib/openadaptor-depends.jar
      hsqldb.jar (this is not distributed with openadaptor)
    
    This example relies on a hypersonic database running (http://www.hsqldb.org) to run
    up the server make sure hsqldb.jar is in your class path and run the following...
  
      java org.hsqldb.Server -database.0 hsql -dbname.0 xdb
     
-->

<beans>
  
  <bean id="Adaptor" class="org.oa3.core.adaptor.Adaptor">
    <property name="pipeline">
      <list>
        <ref bean="Poller"/>
        <ref bean="XmlConverter"/>
        <ref bean="Writer"/>
      </list>
    </property>
  </bean>
  
  <!-- This defines jdbc connection -->
  <bean id="JdbcConnection" class="org.oa3.auxil.connector.jdbc.JDBCConnection">
    <property name="driver" value="org.hsqldb.jdbcDriver"/>
    <property name="url" value="jdbc:hsqldb:hsql://localhost/xdb"/>
    <property name="username" value="sa"/>
    <property name="password" value=""/>
  </bean>

  <!-- Poller which wraps JDBC Reader below, polls immediately and then every fifth second -->
  <bean id="Poller" class="org.oa3.core.connector.PollingReadConnector">
    <property name="delegate" ref="Reader"/>
    <property name="forceInitialPoll" value="true"/>
    <property name="cronExpression" value="0,5,10,15,20,25,30,35,40,45,50,55 * * * * ?"/>
  </bean>
  
  <!-- Reader which polls database using configured SQL -->
  <bean id="Reader" class="org.oa3.auxil.connector.jdbc.JDBCReadConnector">
    <property name="jdbcConnection" ref="JdbcConnection"/>
    <property name="sql">
      <value>
        SELECT t.BuySell as Side, t.Qty as Size, s.ShortCode as RIC,
               p.LongName as Counterparty, t.Price as Price
        FROM TRADE t, SECURITY s, PARTY p
        WHERE t.SecId = s.SecId AND t.PartyId = p.PartyId
      </value>
    </property>
  </bean>

  <bean id="XmlConverter" class="org.oa3.auxil.convertor.xml.OrderedMapToXmlConvertor">
    <property name="rootElementTag" value="TRADE"/>
  </bean>
  
  <bean id="Writer" class="org.oa3.auxil.connector.iostream.writer.StreamWriteConnector">
    <property name="streamWriter">
      <bean class="org.oa3.auxil.connector.iostream.writer.FileWriter"/>
    </property>
  </bean>

</beans>