<?xml version="1.0" encoding="UTF-8"?>
<!DOCTYPE beans PUBLIC "-//SPRING//DTD BEAN//EN" "http://www.springframework.org/dtd/spring-beans.dtd">

<!--
    This adaptor does the following...
    
      * reads data from stdin
      * inserts data into an test table
    
    It is designed to illustrate the basic structure of an adaptor that writes to a database

    Run it like this...
    
      java org.oa3.spring.SpringApplication -config writer.xml -bean Adaptor
    
    You need the following in your classpath
  
      lib
      lib/openadaptor.jar
      lib/openadaptor-spring.jar
      lib/openadaptor-depends.jar
      hsqldb.jar (this is not distributed with openadaptor)
    
    This example relies on a hypersonic database running (http://www.hsqldb.org) to run
    up the server make sure hsqldb.jar is in your class path and run the following...
  
      java org.hsqldb.Server -database.0 hsql -dbname.0 xdb
   
    once running any data that read from std input is written into the test table
    
-->

<beans>
  
  <bean id="Adaptor" class="org.oa3.core.adaptor.Adaptor">
    <property name="pipeline">
      <list>
        <ref bean="Reader"/>
        <ref bean="MapConverter"/>
        <ref bean="Writer"/>
      </list>
    </property>
  </bean>
  
  <bean id="Reader" class="org.oa3.auxil.connector.iostream.reader.StreamReadConnector">
    <property name="streamReader">
      <bean class="org.oa3.auxil.connector.iostream.reader.FileReader"/>
    </property>
    <property name="recordReader">
      <bean class="org.oa3.auxil.connector.iostream.reader.StringRecordReader"/>
    </property>
  </bean>

  <!-- converts intput into an ordered map with single field called data -->
  <bean id="MapConverter" class="org.oa3.auxil.convertor.delimited.DelimitedStringToOrderedMapConvertor">
    <property name="fieldNames">
      <list>
        <value>data</value>
      </list>
    </property>
  </bean>

  <!-- This defines jdbc connection -->
  <bean id="JdbcConnection" class="org.oa3.auxil.connector.jdbc.JDBCConnection">
    <property name="driver" value="org.hsqldb.jdbcDriver"/>
    <property name="url" value="jdbc:hsqldb:hsql://localhost/xdb"/>
    <property name="username" value="sa"/>
    <property name="password" value=""/>
  </bean>

  <!-- Writer which inserts data into test table -->
  <bean id="Writer" class="org.oa3.auxil.connector.jdbc.JDBCWriteConnector">
    <property name="jdbcConnection" ref="JdbcConnection"/>
    <property name="sqlStatement">
      <value>
        INSERT INTO TESTOUTPUT VALUES ('$data$')
      </value>
    </property>
  </bean>

</beans>