<?xml version="1.0" encoding="UTF-8"?>
<!DOCTYPE beans PUBLIC "-//SPRING//DTD BEAN//EN" "http://www.springframework.org/dtd/spring-beans.dtd">

<!--
    This adaptor does the following...
    
      * exposes a webservice that clients can send data to
      * writes data to stdout
    
    It is designed to illustrate the basic structure of exposing an adaptor as a
    web service, typically you want to do this to allow a non java application
    use openadaptor functionality.

    Run it like this...
    
      java org.oa3.spring.SpringApplication -config adaptorws.xml -bean Adaptor
    
    You need the following in your classpath
  
      lib
      lib/openadaptor.jar
      lib/openadaptor-spring.jar
      lib/openadaptor-depends.jar
      lib/3rdparty/activation.jar
     
    Once it is running it will echo the webservice endpoint to the log, you can put
    this into a web browser and verify that you can see the wsdl.
  
    To test it fully you can run the other example which processes data by invoking
    a webservice.
-->

<beans>
  
  <bean id="Adaptor" class="org.oa3.core.adaptor.Adaptor">
    <property name="pipeline">
      <list>
        <ref bean="WebService"/>
        <ref bean="Writer"/>
      </list>
    </property>
  </bean>

  <!-- This is a read connector, that exposes a webservice -->
  <bean id="WebService" class="org.oa3.auxil.connector.soap.ReadConnectorWebService">
    <property name="serviceName" value="MyService"/>
    <property name="localJettyPort" value="9999"/>
  </bean>
  
  <bean id="Writer" class="org.oa3.auxil.connector.iostream.writer.StreamWriteConnector">
    <property name="streamWriter">
      <bean class="org.oa3.auxil.connector.iostream.writer.FileWriter"/>
    </property>
  </bean>
  
</beans>