<?xml version="1.0" encoding="UTF-8"?>
<!DOCTYPE beans PUBLIC "-//SPRING//DTD BEAN//EN" "http://www.springframework.org/dtd/spring-beans.dtd">

<!--
    This adaptor does the following...
    
      * binds to a socket and accepts a single socket connection
      * once socket channel is opened, it reads data
      * prints data to std out
    
    It is designed to illustrate the basic structure of an adaptor that accepts a socket
    connection and reads data from that socket

    Run it like this...
    
      java org.oa3.spring.SpringApplication -config reader.xml -bean Adaptor
    
    You need the following in your classpath
  
      lib
      lib/openadaptor.jar
      lib/openadaptor-spring.jar
      lib/openadaptor-depends.jar
  
    To test you can use the corresponding writer example.
    
-->

<beans>
  
  <bean id="Adaptor" class="org.oa3.core.adaptor.Adaptor">
    <property name="pipeline">
      <list>
        <ref bean="Reader"/>
        <ref bean="Writer"/>
      </list>
    </property>
  </bean>

  <!-- Reader that accepts a single socket connection on a configured port and reads data -->
  <bean id="Reader" class="org.oa3.auxil.connector.iostream.reader.StreamReadConnector">
    <property name="streamReader">
      <bean class="org.oa3.auxil.connector.iostream.reader.SocketReader">
        <property name="port" value="9990"/>
      </bean>
    </property>
    <property name="recordReader">
      <bean class="org.oa3.auxil.connector.iostream.reader.StringRecordReader"/>
    </property>
  </bean>

  <bean id="Writer" class="org.oa3.auxil.connector.iostream.writer.StreamWriteConnector">
    <property name="streamWriter">
      <bean class="org.oa3.auxil.connector.iostream.writer.FileWriter"/>
    </property>
  </bean>

</beans>