<?xml version="1.0" encoding="UTF-8"?>
<!DOCTYPE beans PUBLIC "-//SPRING//DTD BEAN//EN" "http://www.springframework.org/dtd/spring-beans.dtd">

<!--
    This adaptor does the following...
    
      * reads data to stdin
      * writes data down a socket
    
    It is designed to illustrate the basic structure of an adaptor that connects
    to a socket and writes data

    Run it like this...
    
      java org.oa3.spring.SpringApplication -config writer.xml -bean Adaptor
    
    You need the following in your classpath
  
      lib
      lib/openadaptor.jar
      lib/openadaptor-spring.jar
      lib/openadaptor-depends.jar
    
    If order to run it, needs to connect to the remote socket, run the corresponding
    reader example and input data at the command line
-->

<beans>
  
  <bean id="Adaptor" class="org.oa3.core.adaptor.Adaptor">
    <property name="pipeline">
      <list>
        <ref bean="Reader"/>
        <ref bean="Writer"/>
      </list>
    </property>
  </bean>

  <bean id="Reader" class="org.oa3.auxil.connector.iostream.reader.StreamReadConnector">
    <property name="streamReader">
      <bean class="org.oa3.auxil.connector.iostream.reader.FileReader"/>
    </property>
    <property name="recordReader">
      <bean class="org.oa3.auxil.connector.iostream.reader.StringRecordReader"/>
    </property>
  </bean>

  <!-- Writer that connects to remote socket and writes data -->
  <bean id="Writer" class="org.oa3.auxil.connector.iostream.writer.StreamWriteConnector">
    <property name="streamWriter">
      <bean id="SocketWriter" class="org.oa3.auxil.connector.iostream.writer.SocketWriter">
        <property name="hostname" value="localhost"/>
        <property name="port" value="9990"/>
      </bean>
    </property>
  </bean>
  
</beans>